<?xml version="1.0" encoding="UTF-8"?>
<GenRun Id="impl_1" LaunchPart="xc7a35tcpg236-1" LaunchTime="1744450543">
  <File Type="ROUTE-PWR" Name="Main_power_routed.rpt"/>
  <File Type="PA-TCL" Name="Main.tcl"/>
  <File Type="BITSTR-BMM" Name="Main_bd.bmm"/>
  <File Type="ROUTE-PWR-SUM" Name="Main_power_summary_routed.pb"/>
  <File Type="REPORTS-TCL" Name="Main_reports.tcl"/>
  <File Type="OPT-DCP" Name="Main_opt.dcp"/>
  <File Type="OPT-DRC" Name="Main_drc_opted.rpt"/>
  <File Type="OPT-HWDEF" Name="Main.hwdef"/>
  <File Type="PWROPT-DCP" Name="Main_pwropt.dcp"/>
  <File Type="PLACE-DCP" Name="Main_placed.dcp"/>
  <File Type="PLACE-IO" Name="Main_io_placed.rpt"/>
  <File Type="PLACE-UTIL" Name="Main_utilization_placed.rpt"/>
  <File Type="PLACE-UTIL-PB" Name="Main_utilization_placed.pb"/>
  <File Type="PLACE-CTRL" Name="Main_control_sets_placed.rpt"/>
  <File Type="PLACE-PRE-SIMILARITY" Name="Main_incremental_reuse_pre_placed.rpt"/>
  <File Type="BG-BGN" Name="Main.bgn"/>
  <File Type="POSTPLACE-PWROPT-DCP" Name="Main_postplace_pwropt.dcp"/>
  <File Type="BG-BIN" Name="Main.bin"/>
  <File Type="PHYSOPT-DCP" Name="Main_physopt.dcp"/>
  <File Type="BITSTR-MSK" Name="Main.msk"/>
  <File Type="ROUTE-ERROR-DCP" Name="Main_routed_error.dcp"/>
  <File Type="ROUTE-DCP" Name="Main_routed.dcp"/>
  <File Type="ROUTE-BLACKBOX-DCP" Name="Main_routed_bb.dcp"/>
  <File Type="ROUTE-DRC" Name="Main_drc_routed.rpt"/>
  <File Type="ROUTE-DRC-PB" Name="Main_drc_routed.pb"/>
  <File Type="ROUTE-DRC-RPX" Name="Main_drc_routed.rpx"/>
  <File Type="BITSTR-LTX" Name="Main.ltx"/>
  <File Type="ROUTE-METHODOLOGY-DRC" Name="Main_methodology_drc_routed.rpt"/>
  <File Type="BITSTR-MMI" Name="Main.mmi"/>
  <File Type="ROUTE-METHODOLOGY-DRC-RPX" Name="Main_methodology_drc_routed.rpx"/>
  <File Type="ROUTE-METHODOLOGY-DRC-PB" Name="Main_methodology_drc_routed.pb"/>
  <File Type="BITSTR-SYSDEF" Name="Main.sysdef"/>
  <File Type="ROUTE-PWR-RPX" Name="Main_power_routed.rpx"/>
  <File Type="ROUTE-STATUS" Name="Main_route_status.rpt"/>
  <File Type="ROUTE-STATUS-PB" Name="Main_route_status.pb"/>
  <File Type="ROUTE-TIMINGSUMMARY" Name="Main_timing_summary_routed.rpt"/>
  <File Type="ROUTE-TIMING-PB" Name="Main_timing_summary_routed.pb"/>
  <File Type="ROUTE-TIMING-RPX" Name="Main_timing_summary_routed.rpx"/>
  <File Type="ROUTE-CLK" Name="Main_clock_utilization_routed.rpt"/>
  <File Type="ROUTE-BUS-SKEW" Name="Main_bus_skew_routed.rpt"/>
  <File Type="ROUTE-BUS-SKEW-PB" Name="Main_bus_skew_routed.pb"/>
  <File Type="ROUTE-BUS-SKEW-RPX" Name="Main_bus_skew_routed.rpx"/>
  <File Type="POSTROUTE-PHYSOPT-DCP" Name="Main_postroute_physopt.dcp"/>
  <File Type="POSTROUTE-PHYSOPT-BLACKBOX-DCP" Name="Main_postroute_physopt_bb.dcp"/>
  <File Type="BG-BIT" Name="Main.bit"/>
  <File Type="BITSTR-RBT" Name="Main.rbt"/>
  <File Type="BITSTR-NKY" Name="Main.nky"/>
  <File Type="BG-DRC" Name="Main.drc"/>
  <File Type="RDI-RDI" Name="Main.vdi"/>
  <File Type="WBT-USG" Name="usage_statistics_webtalk.html"/>
  <FileSet Name="sources" Type="DesignSrcs" RelSrcDir="$PSRCDIR/sources_1">
    <Filter Type="Srcs"/>
    <File Path="$PSRCDIR/sources_1/new/Character Movement.v">
      <FileInfo>
        <Attr Name="ImportPath" Val="$PPRDIR/../../../../../../../../../../../../../../../../../../../../../../../../../4 Character Movement.srcs/sources_1/new/Character Movement.v"/>
        <Attr Name="ImportTime" Val="1744274399"/>
        <Attr Name="UsedIn" Val="synthesis"/>
        <Attr Name="UsedIn" Val="implementation"/>
        <Attr Name="UsedIn" Val="simulation"/>
      </FileInfo>
    </File>
    <File Path="$PSRCDIR/sources_1/new/Characters.v">
      <FileInfo>
        <Attr Name="ImportPath" Val="$PPRDIR/../../../../../../../../../../../../../../../../../../../../../../../../../4 Character Movement.srcs/sources_1/new/Characters.v"/>
        <Attr Name="ImportTime" Val="1744222668"/>
        <Attr Name="UsedIn" Val="synthesis"/>
        <Attr Name="UsedIn" Val="implementation"/>
        <Attr Name="UsedIn" Val="simulation"/>
      </FileInfo>
    </File>
    <File Path="$PSRCDIR/sources_1/imports/new/clock.v">
      <FileInfo>
        <Attr Name="ImportPath" Val="$PPRDIR/../../../../../Documents/EE2026/project_2/project_2.srcs/sources_1/new/clock.v"/>
        <Attr Name="ImportTime" Val="1744354331"/>
        <Attr Name="UsedIn" Val="synthesis"/>
        <Attr Name="UsedIn" Val="implementation"/>
        <Attr Name="UsedIn" Val="simulation"/>
      </FileInfo>
    </File>
    <File Path="$PSRCDIR/sources_1/imports/new/comms.v">
      <FileInfo>
        <Attr Name="ImportPath" Val="$PPRDIR/../../../../../Documents/EE2026/project_2/project_2.srcs/sources_1/new/comms.v"/>
        <Attr Name="ImportTime" Val="1744369349"/>
        <Attr Name="UsedIn" Val="synthesis"/>
        <Attr Name="UsedIn" Val="implementation"/>
        <Attr Name="UsedIn" Val="simulation"/>
      </FileInfo>
    </File>
    <File Path="$PSRCDIR/sources_1/new/display.v">
      <FileInfo>
        <Attr Name="ImportPath" Val="$PPRDIR/../../../../../Documents/Fighting People GAme/4 Char Movement 8pm Fri/4 char_collision_health_updated1.xpr/4 Character Movement/4 Character Movement.srcs/sources_1/new/display.v"/>
        <Attr Name="ImportTime" Val="1744385911"/>
        <Attr Name="UsedIn" Val="synthesis"/>
        <Attr Name="UsedIn" Val="implementation"/>
        <Attr Name="UsedIn" Val="simulation"/>
      </FileInfo>
    </File>
    <File Path="$PSRCDIR/sources_1/imports/new/keyboard.v">
      <FileInfo>
        <Attr Name="ImportPath" Val="$PPRDIR/../../../../../Documents/EE2026/project_2/project_2.srcs/sources_1/new/keyboard.v"/>
        <Attr Name="ImportTime" Val="1744314409"/>
        <Attr Name="UsedIn" Val="synthesis"/>
        <Attr Name="UsedIn" Val="implementation"/>
        <Attr Name="UsedIn" Val="simulation"/>
      </FileInfo>
    </File>
    <File Path="$PSRCDIR/sources_1/imports/new/smalloutput.v">
      <FileInfo>
        <Attr Name="ImportPath" Val="$PPRDIR/../../../../../Documents/EE2026/project_2/project_2.srcs/sources_1/new/smalloutput.v"/>
        <Attr Name="ImportTime" Val="1744368696"/>
        <Attr Name="UsedIn" Val="synthesis"/>
        <Attr Name="UsedIn" Val="implementation"/>
        <Attr Name="UsedIn" Val="simulation"/>
      </FileInfo>
    </File>
    <File Path="$PSRCDIR/sources_1/new/sound.v">
      <FileInfo>
        <Attr Name="ImportPath" Val="$PPRDIR/../../../../../Downloads/MVP5/4 Character Movement.srcs/sources_1/new/sound.v"/>
        <Attr Name="ImportTime" Val="1744447727"/>
        <Attr Name="UsedIn" Val="synthesis"/>
        <Attr Name="UsedIn" Val="implementation"/>
        <Attr Name="UsedIn" Val="simulation"/>
      </FileInfo>
    </File>
    <File Path="$PSRCDIR/sources_1/new/Main.v">
      <FileInfo>
        <Attr Name="ImportPath" Val="$PPRDIR/../../../../../../../../../../../../../../../../../../../../../../../../../4 Character Movement.srcs/sources_1/new/Main.v"/>
        <Attr Name="ImportTime" Val="1744275364"/>
        <Attr Name="UsedIn" Val="synthesis"/>
        <Attr Name="UsedIn" Val="implementation"/>
        <Attr Name="UsedIn" Val="simulation"/>
      </FileInfo>
    </File>
    <File Path="$PSRCDIR/sources_1/new/MageImage.mem">
      <FileInfo>
        <Attr Name="ImportPath" Val="$PPRDIR/../../../../../../../../../../../../../../../../../../../../../../../../../4 Character Movement.srcs/sources_1/new/MageImage.mem"/>
        <Attr Name="ImportTime" Val="1743269658"/>
        <Attr Name="UsedIn" Val="synthesis"/>
        <Attr Name="UsedIn" Val="simulation"/>
      </FileInfo>
    </File>
    <File Path="$PSRCDIR/sources_1/new/GunmanImage.mem">
      <FileInfo>
        <Attr Name="ImportPath" Val="$PPRDIR/../../../../../../../../../../../../../../../../../../../../../../../../../4 Character Movement.srcs/sources_1/new/GunmanImage.mem"/>
        <Attr Name="ImportTime" Val="1743264972"/>
        <Attr Name="UsedIn" Val="synthesis"/>
        <Attr Name="UsedIn" Val="simulation"/>
      </FileInfo>
    </File>
    <File Path="$PSRCDIR/sources_1/new/SwordmanImage.mem">
      <FileInfo>
        <Attr Name="ImportPath" Val="$PPRDIR/../../../../../../../../../../../../../../../../../../../../../../../../../4 Character Movement.srcs/sources_1/new/SwordmanImage.mem"/>
        <Attr Name="ImportTime" Val="1743264652"/>
        <Attr Name="UsedIn" Val="synthesis"/>
        <Attr Name="UsedIn" Val="simulation"/>
      </FileInfo>
    </File>
    <File Path="$PSRCDIR/sources_1/new/FistmanImage.mem">
      <FileInfo>
        <Attr Name="ImportPath" Val="$PPRDIR/../../../../../../../../../../../../../../../../../../../../../../../../../4 Character Movement.srcs/sources_1/new/FistmanImage.mem"/>
        <Attr Name="ImportTime" Val="1743265401"/>
        <Attr Name="UsedIn" Val="synthesis"/>
        <Attr Name="UsedIn" Val="simulation"/>
      </FileInfo>
    </File>
    <File Path="$PSRCDIR/sources_1/new/SwordmanProjectile.mem">
      <FileInfo>
        <Attr Name="ImportPath" Val="$PPRDIR/../../../../../../../../../../../../../../../../../../../../../../../../../4 Character Movement.srcs/sources_1/new/SwordmanProjectile.mem"/>
        <Attr Name="ImportTime" Val="1744208836"/>
        <Attr Name="UsedIn" Val="synthesis"/>
        <Attr Name="UsedIn" Val="simulation"/>
      </FileInfo>
    </File>
    <File Path="$PSRCDIR/sources_1/new/GunmanProjectile.mem">
      <FileInfo>
        <Attr Name="ImportPath" Val="$PPRDIR/../../../../../../../../../../../../../../../../../../../../../../../../../4 Character Movement.srcs/sources_1/new/GunmanProjectile.mem"/>
        <Attr Name="ImportTime" Val="1744207984"/>
        <Attr Name="UsedIn" Val="synthesis"/>
        <Attr Name="UsedIn" Val="simulation"/>
      </FileInfo>
    </File>
    <File Path="$PSRCDIR/sources_1/new/FistmanProjectile.mem">
      <FileInfo>
        <Attr Name="ImportPath" Val="$PPRDIR/../../../../../../../../../../../../../../../../../../../../../../../../../4 Character Movement.srcs/sources_1/new/FistmanProjectile.mem"/>
        <Attr Name="ImportTime" Val="1744207709"/>
        <Attr Name="UsedIn" Val="synthesis"/>
        <Attr Name="UsedIn" Val="simulation"/>
      </FileInfo>
    </File>
    <File Path="$PSRCDIR/sources_1/new/MageProjectile.mem">
      <FileInfo>
        <Attr Name="ImportPath" Val="$PPRDIR/../../../../../../../../../../../../../../../../../../../../../../../../../4 Character Movement.srcs/sources_1/new/MageProjectile.mem"/>
        <Attr Name="ImportTime" Val="1744208338"/>
        <Attr Name="UsedIn" Val="synthesis"/>
        <Attr Name="UsedIn" Val="simulation"/>
      </FileInfo>
    </File>
    <File Path="$PSRCDIR/sources_1/new/BattleArenaOled.mem">
      <FileInfo>
        <Attr Name="ImportPath" Val="$PPRDIR/../../../../../../../../../../../../../../../../../../../../../../../../../4 Character Movement.srcs/sources_1/new/BattleArenaOled.mem"/>
        <Attr Name="ImportTime" Val="1744223565"/>
        <Attr Name="UsedIn" Val="synthesis"/>
        <Attr Name="UsedIn" Val="simulation"/>
      </FileInfo>
    </File>
    <File Path="$PSRCDIR/sources_1/imports/4 Character Movement/archive_project_summary.txt">
      <FileInfo>
        <Attr Name="ImportPath" Val="$PPRDIR/../../../../../Documents/Fighting People GAme/4 Char Movement 8pm Fri/4 char_collision_health_updated1.xpr/4 Character Movement/archive_project_summary.txt"/>
        <Attr Name="ImportTime" Val="1744372739"/>
      </FileInfo>
    </File>
    <File Path="$PSRCDIR/sources_1/new/tombstone.mem">
      <FileInfo>
        <Attr Name="ImportPath" Val="$PPRDIR/../../../../../Documents/Fighting People GAme/4 Char Movement 8pm Fri/4 char_collision_health_updated1.xpr/4 Character Movement/4 Character Movement.srcs/sources_1/new/tombstone.mem"/>
        <Attr Name="ImportTime" Val="1744389117"/>
        <Attr Name="UsedIn" Val="synthesis"/>
        <Attr Name="UsedIn" Val="simulation"/>
      </FileInfo>
    </File>
    <File Path="$PSRCDIR/sources_1/imports/MVP5/archive_project_summary.txt">
      <FileInfo>
        <Attr Name="ImportPath" Val="$PPRDIR/../../../../../Downloads/MVP5/archive_project_summary.txt"/>
        <Attr Name="ImportTime" Val="1744393886"/>
      </FileInfo>
    </File>
    <File Path="$PSRCDIR/sources_1/new/GameOver.mem">
      <FileInfo>
        <Attr Name="ImportPath" Val="$PPRDIR/../../../../../Downloads/MVP5/4 Character Movement.srcs/sources_1/new/GameOver.mem"/>
        <Attr Name="ImportTime" Val="1744442380"/>
        <Attr Name="UsedIn" Val="synthesis"/>
        <Attr Name="UsedIn" Val="simulation"/>
      </FileInfo>
    </File>
    <Config>
      <Option Name="DesignMode" Val="RTL"/>
      <Option Name="TopModule" Val="Main"/>
      <Option Name="TopAutoSet" Val="TRUE"/>
    </Config>
  </FileSet>
  <FileSet Name="constrs_in" Type="Constrs" RelSrcDir="$PSRCDIR/constrs_1">
    <Filter Type="Constrs"/>
    <File Path="$PSRCDIR/constrs_1/new/mybasys3constraints.xdc">
      <FileInfo>
        <Attr Name="ImportPath" Val="$PPRDIR/../../../../../../../../../../../../../../../../../../../../../../../../../4 Character Movement.srcs/constrs_1/new/mybasys3constraints.xdc"/>
        <Attr Name="ImportTime" Val="1744212918"/>
        <Attr Name="UsedIn" Val="synthesis"/>
        <Attr Name="UsedIn" Val="implementation"/>
      </FileInfo>
    </File>
    <Config>
      <Option Name="ConstrsType" Val="XDC"/>
    </Config>
  </FileSet>
  <Strategy Version="1" Minor="2">
    <StratHandle Name="Vivado Implementation Defaults" Flow="Vivado Implementation 2018"/>
    <Step Id="init_design"/>
    <Step Id="opt_design"/>
    <Step Id="power_opt_design"/>
    <Step Id="place_design"/>
    <Step Id="post_place_power_opt_design"/>
    <Step Id="phys_opt_design"/>
    <Step Id="route_design"/>
    <Step Id="post_route_phys_opt_design"/>
    <Step Id="write_bitstream"/>
  </Strategy>
</GenRun>
