<?xml version="1.0" encoding="UTF-8"?>
<GenRun Id="synth_1" LaunchPart="xc7a35tcpg236-1" LaunchTime="1744450543">
  <File Type="PA-TCL" Name="Main.tcl"/>
  <File Type="REPORTS-TCL" Name="Main_reports.tcl"/>
  <File Type="RDS-RDS" Name="Main.vds"/>
  <File Type="RDS-UTIL" Name="Main_utilization_synth.rpt"/>
  <File Type="RDS-UTIL-PB" Name="Main_utilization_synth.pb"/>
  <File Type="RDS-DCP" Name="Main.dcp"/>
  <FileSet Name="sources" Type="DesignSrcs" RelSrcDir="$PSRCDIR/sources_1">
    <Filter Type="Srcs"/>
    <File Path="$PSRCDIR/sources_1/new/Character Movement.v">
      <FileInfo>
        <Attr Name="ImportPath" Val="$PPRDIR/../../../../../../../../../../../../../../../../../../../../../../../../../4 Character Movement.srcs/sources_1/new/Character Movement.v"/>
        <Attr Name="ImportTime" Val="1744274399"/>
        <Attr Name="UsedIn" Val="synthesis"/>
        <Attr Name="UsedIn" Val="implementation"/>
        <Attr Name="UsedIn" Val="simulation"/>
      </FileInfo>
    </File>
    <File Path="$PSRCDIR/sources_1/new/Characters.v">
      <FileInfo>
        <Attr Name="ImportPath" Val="$PPRDIR/../../../../../../../../../../../../../../../../../../../../../../../../../4 Character Movement.srcs/sources_1/new/Characters.v"/>
        <Attr Name="ImportTime" Val="1744222668"/>
        <Attr Name="UsedIn" Val="synthesis"/>
        <Attr Name="UsedIn" Val="implementation"/>
        <Attr Name="UsedIn" Val="simulation"/>
      </FileInfo>
    </File>
    <File Path="$PSRCDIR/sources_1/imports/new/clock.v">
      <FileInfo>
        <Attr Name="ImportPath" Val="$PPRDIR/../../../../../Documents/EE2026/project_2/project_2.srcs/sources_1/new/clock.v"/>
        <Attr Name="ImportTime" Val="1744354331"/>
        <Attr Name="UsedIn" Val="synthesis"/>
        <Attr Name="UsedIn" Val="implementation"/>
        <Attr Name="UsedIn" Val="simulation"/>
      </FileInfo>
    </File>
    <File Path="$PSRCDIR/sources_1/imports/new/comms.v">
      <FileInfo>
        <Attr Name="ImportPath" Val="$PPRDIR/../../../../../Documents/EE2026/project_2/project_2.srcs/sources_1/new/comms.v"/>
        <Attr Name="ImportTime" Val="1744369349"/>
        <Attr Name="UsedIn" Val="synthesis"/>
        <Attr Name="UsedIn" Val="implementation"/>
        <Attr Name="UsedIn" Val="simulation"/>
      </FileInfo>
    </File>
    <File Path="$PSRCDIR/sources_1/new/display.v">
      <FileInfo>
        <Attr Name="ImportPath" Val="$PPRDIR/../../../../../Documents/Fighting People GAme/4 Char Movement 8pm Fri/4 char_collision_health_updated1.xpr/4 Character Movement/4 Character Movement.srcs/sources_1/new/display.v"/>
        <Attr Name="ImportTime" Val="1744385911"/>
        <Attr Name="UsedIn" Val="synthesis"/>
        <Attr Name="UsedIn" Val="implementation"/>
        <Attr Name="UsedIn" Val="simulation"/>
      </FileInfo>
    </File>
    <File Path="$PSRCDIR/sources_1/imports/new/keyboard.v">
      <FileInfo>
        <Attr Name="ImportPath" Val="$PPRDIR/../../../../../Documents/EE2026/project_2/project_2.srcs/sources_1/new/keyboard.v"/>
        <Attr Name="ImportTime" Val="1744314409"/>
        <Attr Name="UsedIn" Val="synthesis"/>
        <Attr Name="UsedIn" Val="implementation"/>
        <Attr Name="UsedIn" Val="simulation"/>
      </FileInfo>
    </File>
    <File Path="$PSRCDIR/sources_1/imports/new/smalloutput.v">
      <FileInfo>
        <Attr Name="ImportPath" Val="$PPRDIR/../../../../../Documents/EE2026/project_2/project_2.srcs/sources_1/new/smalloutput.v"/>
        <Attr Name="ImportTime" Val="1744368696"/>
        <Attr Name="UsedIn" Val="synthesis"/>
        <Attr Name="UsedIn" Val="implementation"/>
        <Attr Name="UsedIn" Val="simulation"/>
      </FileInfo>
    </File>
    <File Path="$PSRCDIR/sources_1/new/sound.v">
      <FileInfo>
        <Attr Name="ImportPath" Val="$PPRDIR/../../../../../Downloads/MVP5/4 Character Movement.srcs/sources_1/new/sound.v"/>
        <Attr Name="ImportTime" Val="1744447727"/>
        <Attr Name="UsedIn" Val="synthesis"/>
        <Attr Name="UsedIn" Val="implementation"/>
        <Attr Name="UsedIn" Val="simulation"/>
      </FileInfo>
    </File>
    <File Path="$PSRCDIR/sources_1/new/Main.v">
      <FileInfo>
        <Attr Name="ImportPath" Val="$PPRDIR/../../../../../../../../../../../../../../../../../../../../../../../../../4 Character Movement.srcs/sources_1/new/Main.v"/>
        <Attr Name="ImportTime" Val="1744275364"/>
        <Attr Name="UsedIn" Val="synthesis"/>
        <Attr Name="UsedIn" Val="implementation"/>
        <Attr Name="UsedIn" Val="simulation"/>
      </FileInfo>
    </File>
    <File Path="$PSRCDIR/sources_1/new/MageImage.mem">
      <FileInfo>
        <Attr Name="ImportPath" Val="$PPRDIR/../../../../../../../../../../../../../../../../../../../../../../../../../4 Character Movement.srcs/sources_1/new/MageImage.mem"/>
        <Attr Name="ImportTime" Val="1743269658"/>
        <Attr Name="UsedIn" Val="synthesis"/>
        <Attr Name="UsedIn" Val="simulation"/>
      </FileInfo>
    </File>
    <File Path="$PSRCDIR/sources_1/new/GunmanImage.mem">
      <FileInfo>
        <Attr Name="ImportPath" Val="$PPRDIR/../../../../../../../../../../../../../../../../../../../../../../../../../4 Character Movement.srcs/sources_1/new/GunmanImage.mem"/>
        <Attr Name="ImportTime" Val="1743264972"/>
        <Attr Name="UsedIn" Val="synthesis"/>
        <Attr Name="UsedIn" Val="simulation"/>
      </FileInfo>
    </File>
    <File Path="$PSRCDIR/sources_1/new/SwordmanImage.mem">
      <FileInfo>
        <Attr Name="ImportPath" Val="$PPRDIR/../../../../../../../../../../../../../../../../../../../../../../../../../4 Character Movement.srcs/sources_1/new/SwordmanImage.mem"/>
        <Attr Name="ImportTime" Val="1743264652"/>
        <Attr Name="UsedIn" Val="synthesis"/>
        <Attr Name="UsedIn" Val="simulation"/>
      </FileInfo>
    </File>
    <File Path="$PSRCDIR/sources_1/new/FistmanImage.mem">
      <FileInfo>
        <Attr Name="ImportPath" Val="$PPRDIR/../../../../../../../../../../../../../../../../../../../../../../../../../4 Character Movement.srcs/sources_1/new/FistmanImage.mem"/>
        <Attr Name="ImportTime" Val="1743265401"/>
        <Attr Name="UsedIn" Val="synthesis"/>
        <Attr Name="UsedIn" Val="simulation"/>
      </FileInfo>
    </File>
    <File Path="$PSRCDIR/sources_1/new/SwordmanProjectile.mem">
      <FileInfo>
        <Attr Name="ImportPath" Val="$PPRDIR/../../../../../../../../../../../../../../../../../../../../../../../../../4 Character Movement.srcs/sources_1/new/SwordmanProjectile.mem"/>
        <Attr Name="ImportTime" Val="1744208836"/>
        <Attr Name="UsedIn" Val="synthesis"/>
        <Attr Name="UsedIn" Val="simulation"/>
      </FileInfo>
    </File>
    <File Path="$PSRCDIR/sources_1/new/GunmanProjectile.mem">
      <FileInfo>
        <Attr Name="ImportPath" Val="$PPRDIR/../../../../../../../../../../../../../../../../../../../../../../../../../4 Character Movement.srcs/sources_1/new/GunmanProjectile.mem"/>
        <Attr Name="ImportTime" Val="1744207984"/>
        <Attr Name="UsedIn" Val="synthesis"/>
        <Attr Name="UsedIn" Val="simulation"/>
      </FileInfo>
    </File>
    <File Path="$PSRCDIR/sources_1/new/FistmanProjectile.mem">
      <FileInfo>
        <Attr Name="ImportPath" Val="$PPRDIR/../../../../../../../../../../../../../../../../../../../../../../../../../4 Character Movement.srcs/sources_1/new/FistmanProjectile.mem"/>
        <Attr Name="ImportTime" Val="1744207709"/>
        <Attr Name="UsedIn" Val="synthesis"/>
        <Attr Name="UsedIn" Val="simulation"/>
      </FileInfo>
    </File>
    <File Path="$PSRCDIR/sources_1/new/MageProjectile.mem">
      <FileInfo>
        <Attr Name="ImportPath" Val="$PPRDIR/../../../../../../../../../../../../../../../../../../../../../../../../../4 Character Movement.srcs/sources_1/new/MageProjectile.mem"/>
        <Attr Name="ImportTime" Val="1744208338"/>
        <Attr Name="UsedIn" Val="synthesis"/>
        <Attr Name="UsedIn" Val="simulation"/>
      </FileInfo>
    </File>
    <File Path="$PSRCDIR/sources_1/new/BattleArenaOled.mem">
      <FileInfo>
        <Attr Name="ImportPath" Val="$PPRDIR/../../../../../../../../../../../../../../../../../../../../../../../../../4 Character Movement.srcs/sources_1/new/BattleArenaOled.mem"/>
        <Attr Name="ImportTime" Val="1744223565"/>
        <Attr Name="UsedIn" Val="synthesis"/>
        <Attr Name="UsedIn" Val="simulation"/>
      </FileInfo>
    </File>
    <File Path="$PSRCDIR/sources_1/imports/4 Character Movement/archive_project_summary.txt">
      <FileInfo>
        <Attr Name="ImportPath" Val="$PPRDIR/../../../../../Documents/Fighting People GAme/4 Char Movement 8pm Fri/4 char_collision_health_updated1.xpr/4 Character Movement/archive_project_summary.txt"/>
        <Attr Name="ImportTime" Val="1744372739"/>
      </FileInfo>
    </File>
    <File Path="$PSRCDIR/sources_1/new/tombstone.mem">
      <FileInfo>
        <Attr Name="ImportPath" Val="$PPRDIR/../../../../../Documents/Fighting People GAme/4 Char Movement 8pm Fri/4 char_collision_health_updated1.xpr/4 Character Movement/4 Character Movement.srcs/sources_1/new/tombstone.mem"/>
        <Attr Name="ImportTime" Val="1744389117"/>
        <Attr Name="UsedIn" Val="synthesis"/>
        <Attr Name="UsedIn" Val="simulation"/>
      </FileInfo>
    </File>
    <File Path="$PSRCDIR/sources_1/imports/MVP5/archive_project_summary.txt">
      <FileInfo>
        <Attr Name="ImportPath" Val="$PPRDIR/../../../../../Downloads/MVP5/archive_project_summary.txt"/>
        <Attr Name="ImportTime" Val="1744393886"/>
      </FileInfo>
    </File>
    <File Path="$PSRCDIR/sources_1/new/GameOver.mem">
      <FileInfo>
        <Attr Name="ImportPath" Val="$PPRDIR/../../../../../Downloads/MVP5/4 Character Movement.srcs/sources_1/new/GameOver.mem"/>
        <Attr Name="ImportTime" Val="1744442380"/>
        <Attr Name="UsedIn" Val="synthesis"/>
        <Attr Name="UsedIn" Val="simulation"/>
      </FileInfo>
    </File>
    <Config>
      <Option Name="DesignMode" Val="RTL"/>
      <Option Name="TopModule" Val="Main"/>
      <Option Name="TopAutoSet" Val="TRUE"/>
    </Config>
  </FileSet>
  <FileSet Name="constrs_in" Type="Constrs" RelSrcDir="$PSRCDIR/constrs_1">
    <Filter Type="Constrs"/>
    <File Path="$PSRCDIR/constrs_1/new/mybasys3constraints.xdc">
      <FileInfo>
        <Attr Name="ImportPath" Val="$PPRDIR/../../../../../../../../../../../../../../../../../../../../../../../../../4 Character Movement.srcs/constrs_1/new/mybasys3constraints.xdc"/>
        <Attr Name="ImportTime" Val="1744212918"/>
        <Attr Name="UsedIn" Val="synthesis"/>
        <Attr Name="UsedIn" Val="implementation"/>
      </FileInfo>
    </File>
    <Config>
      <Option Name="ConstrsType" Val="XDC"/>
    </Config>
  </FileSet>
  <Strategy Version="1" Minor="2">
    <StratHandle Name="Vivado Synthesis Defaults" Flow="Vivado Synthesis 2018"/>
    <Step Id="synth_design"/>
  </Strategy>
</GenRun>
